brand,we,lamoda,WB,OZON,ЯМ
18CRR81 CERRUTI,нет,нет,да,нет,
3 Pommes,нет,нет,да,нет,
3x1,да,,нет,нет,
7 for all mankind,да,нет,да,нет,
A.Testoni,нет,да,нет,нет,
ABEL & LULA,нет,нет,нет,да,
Abercrombie&Fitch,нет,нет,нет,да,
ABSORBA,да,нет,да,нет,
Add,да,да,да,да,
Aden+anais,да,нет,нет,да,
adidas,да,нет,нет,да,
adidas Originals,да,нет,нет,да,
Aeronautica Militare,нет,да,нет,нет,
aeros me,нет,нет,да,нет,
Affex,нет,нет,нет,да,
AG,нет,нет,нет,да,
Ahava,нет,да,нет,нет,
AI RIDERS ON THE STORM,да,нет,нет,да,
Aigner,нет,нет,да,нет,
AJAY by LIU JO,нет,нет,нет,да,
AKHMADULLINA DREAMS,нет,нет,нет,да,
Akris Punto,да,да,нет,нет,
Alberta Ferretti,да,да,нет,да,
Alberto Guardiani,нет,да,нет,нет,
Aldo Brue,нет,да,да,нет,
Alessandro Dell'Acqua,нет,да,нет,нет,
Alessandro Manzoni,нет,да,нет,нет,
Alessandro Manzoni Jeans,нет,да,нет,нет,
Aletta,да,нет,нет,да,
AlexaChung,нет,да,нет,нет,
Alexander McQueen,да,да,нет,нет,
Alexander Terekhov,нет,нет,#N/A,да,
ALEXANDER WANG,да,нет,#N/A,да,
Alice + Olivia,нет,да,нет,нет,
AllSaints,нет,да,нет,нет,
Alpha Studio,нет,да,#N/A,#N/A,
AM-66,нет,нет,#N/A,да,
ANDORINE,нет,нет,#N/A,да,
Anne Kurris,нет,нет,#N/A,да,
Antony Morato,нет,нет,да,да,
APART,нет,нет,да,#N/A,
APEPAZZA,нет,нет,да,#N/A,
Arch4,нет,да,нет,нет,
Arctiline,да,нет,#N/A,да,
Armani Collection,нет,нет,#N/A,да,
Armani Collezione,нет,нет,#N/A,да,
Armani Exchange,нет,да,да,нет,
Armani Jeans,нет,да,нет,да,
Armani Junior,нет,нет,#N/A,да,
ARMATA DI MARE,нет,нет,да,#N/A,
Arni Praht,да,нет,#N/A,да,
Ash,да,да,да,да,
Ashley Graham x Marina Rinaldi,нет,да,нет,нет,
asics,да,нет,#N/A,да,
Aston Martin Racing by Hackett,нет,да,нет,нет,
ATLANTA MOCASSIN,нет,нет,#N/A,да,
Atlantic stars,#N/A,да,нет,нет,
Atoir,да,да,нет,нет,
Atos Lombardini,#N/A,да,нет,нет,
Attache,#N/A,нет,#N/A,да,
ATTIC21,#N/A,нет,#N/A,да,
Aubade,#N/A,да,нет,нет,
Australian,#N/A,нет,да,#N/A,
Automobili Lamborghini,#N/A,да,да,нет,
B,#N/A,да,нет,нет,
Ba&Sh,да,да,нет,нет,
Bacon,да,да,нет,нет,
BALDESSARINI,#N/A,нет,да,#N/A,
Baldinini,да,да,да,нет,
Ballin,#N/A,да,нет,нет,
Bally,да,да,нет,нет,
Balmain,да,да,нет,да,
Balmuir,#N/A,да,нет,нет,
Barbara Bui,да,да,да,нет,
Barleycorn,#N/A,нет,да,#N/A,
Barracuda,да,да,да,нет,
BCBGMaxAzria,да,да,нет,нет,
Be Blumarine,#N/A,да,да,да,
Beach Bunny,#N/A,да,нет,нет,
Beatrice.B,#N/A,да,нет,нет,
Belle you,#N/A,нет,#N/A,да,
Belstaff,да,да,нет,нет,
Ben Sherman,да,да,#N/A,#N/A,
BETTY & CO,#N/A,нет,да,#N/A,
Betty Barclay,#N/A,нет,да,#N/A,
BIANCA,#N/A,нет,да,#N/A,
BIBI LOU,да,нет,да,#N/A,
Bikkembergs,да,да,да,да,
Bimba Y Lola,#N/A,да,нет,нет,
Birkenstock,да,нет,#N/A,да,
Blauer,да,да,да,да,
Blauer USA,#N/A,да,нет,нет,
BLONDE NO. 8,#N/A,нет,да,#N/A,
Blouson,#N/A,да,нет,нет,
Blugirl,#N/A,да,нет,да,
Blugirl Folies,#N/A,да,нет,нет,
Blumarine,да,да,да,нет,
Bogner,да,нет,#N/A,да,
Bogner Fire+Ice,#N/A,да,нет,нет,
BOSCO,#N/A,нет,да,#N/A,
Bosideng,#N/A,да,нет,нет,
Boss,да,да,да,нет,
Boss Orange,#N/A,нет,#N/A,да,
Bottega Veneta,да,нет,да,#N/A,
Botticelli,#N/A,да,нет,нет,
Boutique Moschino,#N/A,да,нет,нет,
Boyish,да,нет,#N/A,да,
Braccialini,да,да,да,нет,
Brave Soul,да,нет,#N/A,да,
Brian Dales,#N/A,да,#N/A,нет,
Bronx,да,нет,#N/A,да,
Brunello Cucinelli,да,да,#N/A,#N/A,
Bruno Banani,#N/A,нет,да,#N/A,
Buffalo,да,нет,да,да,
bugatti,#N/A,нет,да,#N/A,
Burberry,да,да,да,#N/A,
Burton,да,нет,#N/A,да,
Bvlgari,#N/A,да,#N/A,#N/A,
By Byblos,#N/A,да,#N/A,#N/A,
By Malene Birger,да,да,#N/A,#N/A,
Byblos,#N/A,да,#N/A,#N/A,
Byblos Boys&Girls,#N/A,нет,да,#N/A,
C.P. Company,да,да,#N/A,#N/A,
Cacharel,#N/A,нет,да,#N/A,
CAFeNOIR,#N/A,нет,да,#N/A,
Calvin Klein,да,да,да,да,
Calvin Klein Jeans,да,нет,#N/A,да,
Calvin Klein Performance,#N/A,да,да,да,
Calvin Klein Underwear,да,нет,#N/A,да,
Calvin Klein Underwear,да,нет,#N/A,да,
Canada Goose,да,нет,#N/A,да,
Canadian,#N/A,да,#N/A,#N/A,
CANOE PREMIUM,#N/A,нет,да,#N/A,
Cappellini,#N/A,да,#N/A,#N/A,
Caractere,#N/A,нет,да,#N/A,
Carandache,#N/A,да,#N/A,#N/A,
Carlo Pazzolini,#N/A,нет,#N/A,да,
CARLO VISINTINI,#N/A,нет,да,#N/A,
Carolina Herrera,да,да,да,#N/A,
Carven,да,да,#N/A,#N/A,
Casadei,да,да,#N/A,#N/A,
Castaner,да,да,#N/A,#N/A,
Catimini,да,да,да,#N/A,
Cavalli Class,#N/A,да,да,#N/A,
CC Collection Corneliani,#N/A,да,#N/A,#N/A,
Cerruti 1881,,да,да,#N/A,
Certina,#N/A,да,#N/A,#N/A,
Cerutti,#N/A,нет,#N/A,да,
Cesare Paciotti,да,нет,#N/A,да,
Champion,да,нет,#N/A,да,
Chantal Thomass,#N/A,да,#N/A,#N/A,
Chantelle,#N/A,да,#N/A,да,
Chiara Ferragni,да,да,да,#N/A,
Chiara Ferragni Collection,#N/A,да,#N/A,#N/A,
Chicco,#N/A,нет,#N/A,да,
Chloe,да,да,#N/A,#N/A,
Chloer,#N/A,нет,#N/A,да,
Christian Dior,да,да,да,#N/A,
Christian Dior Homme,#N/A,да,#N/A,#N/A,
CIERTO,#N/A,нет,#N/A,да,
CK Performance,#N/A,нет,да,#N/A,
Clarins,#N/A,нет,да,#N/A,
Claudie Pierlot,да,да,#N/A,#N/A,
Closed,да,да,#N/A,#N/A,
Coach,да,да,да,#N/A,
Coach,да,да,да,#N/A,
Coccinelle,да,да,да,да,
Cole Haan,да,нет,#N/A,да,
Colmar,да,да,да,#N/A,
COLORICHIARI,#N/A,нет,#N/A,да,
Colors of California,#N/A,да,#N/A,#N/A,
Columbia,да,да,#N/A,#N/A,
Comme des Fuckdown,#N/A,да,#N/A,#N/A,
COMO NO. 1,#N/A,нет,да,#N/A,
Converse,да,нет,#N/A,да,
Corneliani,да,да,#N/A,да,
Cortigiani,#N/A,да,#N/A,#N/A,
CP Company,#N/A,нет,#N/A,да,
CR7 Cristiano Ronaldo,#N/A,нет,да,#N/A,
Cruciani C,#N/A,да,#N/A,#N/A,
Custo Barcelona,#N/A,да,#N/A,#N/A,
DAN MARALEX,#N/A,нет,#N/A,да,
Daniel Hechter,#N/A,да,да,#N/A,
Daniel Josier,#N/A,нет,да,#N/A,
DANIELE ALESSANDRINI,да,нет,#N/A,да,
David Charles,#N/A,нет,#N/A,да,
DC shoes,#N/A,да,#N/A,да,
Deha,#N/A,да,#N/A,#N/A,
Denim & Supply Ralph Lauren,#N/A,да,#N/A,#N/A,
Dewal,#N/A,нет,#N/A,да,
Diane von Furstenberg,#N/A,да,#N/A,#N/A,
Didrikson,#N/A,нет,#N/A,да,
Diesel,да,нет,да,да,
Dirk Bikkembergs,#N/A,да,да,#N/A,
Dita Von Teese,#N/A,да,#N/A,#N/A,
DIXIE,#N/A,нет,да,#N/A,
Djeco,да,нет,#N/A,да,
DKNY,да,да,да,да,
DOLCE & GABBANA,да,нет,да,#N/A,
Dolce&Gabbana,#N/A,да,#N/A,да,
Dolphin,#N/A,нет,#N/A,да,
Dondup,да,да,#N/A,да,
Dorothee Schumacher,#N/A,да,#N/A,#N/A,
Dr.Martens,да,нет,#N/A,да,
Dsquared,#N/A,нет,#N/A,да,
Dsquared2,да,да,да,да,
Dsquared2 Underwear,#N/A,да,#N/A,#N/A,
Duno,#N/A,да,#N/A,#N/A,
EA7,,да,да,да,
EIRENE,#N/A,нет,#N/A,да,
Elena Miro,#N/A,да,да,#N/A,
ElevenParis,#N/A,нет,#N/A,да,
Eleventy,да,да,#N/A,#N/A,
Eli,#N/A,нет,#N/A,да,
Elisabetta Franchi,да,да,#N/A,да,
ELLIATT,да,нет,да,#N/A,
ELSY,#N/A,нет,#N/A,да,
Emilio Pucci,да,да,#N/A,да,
Emporio Armani,да,да,да,да,да
EMPORIO ARMANI SWISS MADE,#N/A,нет,#N/A,да,
EMPORIO ARMANI UNDERWEAR,#N/A,нет,#N/A,да,
EMU Australia,да,да,#N/A,да,
EMU AUSTRALIA,да,нет,#N/A,да,
Ermanno Ermanno Scervino,#N/A,да,#N/A,#N/A,
Ermanno Scervino,да,нет,да,да,
ERMANNO SCERVINO,да,нет,да,да,
Escada,да,да,#N/A,#N/A,
Escada Sport,да,да,#N/A,#N/A,
Escentric Molecules,#N/A,да,#N/A,#N/A,
Essentiel Antwerp,#N/A,да,#N/A,#N/A,
Essentiel Antwerpen,#N/A,да,#N/A,#N/A,
Etro,#N/A,да,#N/A,#N/A,
F_WD,#N/A,да,#N/A,#N/A,
Fabi,да,да,да,#N/A,
Fabi,да,да,да,#N/A,
Faith Connexion,да,да,#N/A,#N/A,
Falconeri,#N/A,да,#N/A,#N/A,
Falcotto,#N/A,нет,#N/A,да,
Falke,да,да,#N/A,#N/A,
Fendi,да,да,#N/A,#N/A,
Ferre Milano,#N/A,нет,#N/A,да,
FFC,#N/A,нет,да,#N/A,
Fila,да,да,#N/A,да,
Filippa K,да,нет,#N/A,да,
Finisterre,#N/A,да,#N/A,#N/A,
Finisterre Force,#N/A,да,#N/A,#N/A,
Florens,#N/A,нет,#N/A,да,
For Art's Sake,#N/A,да,#N/A,#N/A,
Forte Couture,#N/A,да,#N/A,#N/A,
Forte Dei Marmi Couture,#N/A,да,#N/A,#N/A,
Forte Forte,да,да,#N/A,#N/A,
forte_forte,#N/A,нет,да,#N/A,
Forte&Fragile,#N/A,нет,да,#N/A,
FRAAS,#N/A,нет,да,#N/A,
FRACOMINA,#N/A,нет,#N/A,да,
Frame,да,да,#N/A,#N/A,
Frankie Morello,да,да,#N/A,#N/A,
Fratelli Rossetti,#N/A,да,#N/A,#N/A,
Fratelli Rossetti One,#N/A,да,#N/A,#N/A,
Fred Mello,#N/A,нет,#N/A,да,
Freedomday,#N/A,да,#N/A,да,
French Connection,да,да,да,да,
French Connection,да,да,да,да,
Freywille,#N/A,да,#N/A,#N/A,
FRIEDA&FREDDIES NEW YORK,#N/A,нет,да,#N/A,
Front Street,#N/A,да,#N/A,#N/A,
Front Street 8,#N/A,да,#N/A,#N/A,
Fun & Fun,#N/A,нет,#N/A,да,
Furla,да,да,да,да,
Furla,да,да,да,да,
G-LAB,#N/A,нет,да,#N/A,
GAeLLE,#N/A,нет,#N/A,да,
Gant,да,да,#N/A,да,
Gaudi,#N/A,нет,да,#N/A,
GCDS,да,да,да,#N/A,
GCDS Mini,#N/A,да,#N/A,да,
George Kini,#N/A,да,#N/A,#N/A,
Gerard Darel,да,да,#N/A,#N/A,
Gerry Weber,#N/A,нет,да,#N/A,
Gerry Weber.,#N/A,нет,да,#N/A,
GF FERRE,#N/A,нет,#N/A,да,
Ghoud,#N/A,нет,да,#N/A,
Ghoud Venice,#N/A,да,#N/A,#N/A,
Gianfranco Ferre,да,нет,да,#N/A,
Gil Bret,#N/A,нет,да,#N/A,
Giorgio Armani,да,да,да,#N/A,
Giorgio Brato,да,да,#N/A,#N/A,
Giuseppe Zanotti,да,да,#N/A,#N/A,
Givenchy,да,да,да,да,
Gottex,да,да,#N/A,да,
Gottex,да,да,#N/A,да,
Grishko,#N/A,нет,#N/A,да,
Gucci,да,да,да,да,
Guess,да,да,да,#N/A,
GUESS by Marciano,#N/A,нет,да,#N/A,
Guess Jeans,#N/A,да,#N/A,#N/A,
GUY LAROCHE,#N/A,нет,#N/A,да,
Hackett London,#N/A,да,#N/A,#N/A,
Harmont & Blaine,#N/A,да,да,#N/A,
Harmont & Blaine,#N/A,да,да,#N/A,
Havaianas,да,нет,#N/A,да,
HCS,#N/A,нет,да,#N/A,
Helmut Lang,#N/A,да,#N/A,#N/A,
Herve Leger,#N/A,нет,#N/A,да,
Hetrego,да,да,#N/A,#N/A,
Hide & Jack,#N/A,да,#N/A,#N/A,
High,,да,#N/A,#N/A,
Hilfiger Denim,#N/A,нет,да,#N/A,
Hogan,да,нет,#N/A,да,
Högl,#N/A,да,#N/A,#N/A,
Holika Holika,#N/A,да,#N/A,#N/A,
House of Holland,#N/A,да,#N/A,#N/A,
Hugo,,да,да,#N/A,
Hugo Boss,,да,да,да,
I am studio,да,да,#N/A,#N/A,
iBlues,#N/A,да,да,#N/A,
Ice Play,#N/A,да,#N/A,#N/A,
Iceberg,#N/A,да,#N/A,да,
Ich2,#N/A,да,#N/A,#N/A,
IHS,#N/A,нет,да,#N/A,
Il Gufo,да,да,#N/A,да,да
Inch2,#N/A,да,#N/A,#N/A,
INUOVO,#N/A,нет,да,#N/A,
INVICTA,#N/A,нет,да,#N/A,
Iro,да,да,да,#N/A,
Isabel Marant Etoile,#N/A,нет,#N/A,да,
J Brand,да,нет,#N/A,да,
J. B4,#N/A,нет,да,#N/A,
Jack Wolfskin,да,да,#N/A,да,
Jacob Cohen,да,да,#N/A,#N/A,
Jil Sander Navy,#N/A,да,#N/A,#N/A,
Jimmy Choo,да,да,да,да,
Jog Dog,,да,#N/A,да,
Jog Dog,,да,#N/A,да,
John Galliano,#N/A,да,да,#N/A,
John Richmond,да,да,да,да,
JOHN RICHMOND KIDS BOY,#N/A,нет,да,#N/A,
John Richmond Sport,#N/A,нет,#N/A,да,
John Varvatos Star USA,#N/A,да,#N/A,#N/A,
Jonak,#N/A,нет,да,#N/A,
JOOP!,#N/A,нет,да,#N/A,
Joop! Jeans,#N/A,нет,да,#N/A,
Joseph,#N/A,да,#N/A,да,
Juicy by Juicy Couture,#N/A,да,#N/A,#N/A,
Juicy Couture,да,да,да,да,
Just Cavalli,да,да,да,да,
JUST COUTURE,#N/A,нет,да,#N/A,
Just White,#N/A,нет,да,#N/A,
Kalliste,#N/A,да,#N/A,#N/A,
Kappa,да,нет,#N/A,да,
KARL,#N/A,нет,#N/A,да,
Karl Lagerfeld,да,да,да,да,
Karl Lagerfeld Beachwear,#N/A,да,#N/A,#N/A,
Karl Lagerfeld Denim,#N/A,да,да,#N/A,
Karl Lagerfeld Kids,да,да,#N/A,да,
Kate Spade,#N/A,да,#N/A,#N/A,
KEEPSAKE,да,нет,да,#N/A,
Kenneth Jay Lane,да,нет,#N/A,да,
Kenzo,да,да,#N/A,да,
Korpo,#N/A,да,#N/A,#N/A,
Kors x Tech,#N/A,да,#N/A,#N/A,
L.A. Water,#N/A,да,да,#N/A,
L'Autre Chose,#N/A,да,#N/A,#N/A,
L4K3,#N/A,да,да,#N/A,
La Martina,#N/A,да,да,#N/A,
Lab Pal Zileri,#N/A,нет,да,#N/A,
Lab. Pal Zileri,#N/A,да,#N/A,#N/A,
Lacoste,да,нет,да,да,
LACOSTE,да,нет,да,да,
Lancel,#N/A,да,#N/A,#N/A,
Lapin House,#N/A,нет,#N/A,да,
Lapin House,#N/A,нет,#N/A,да,
Laurel,да,да,да,#N/A,
Lauren Ralph Lauren,да,да,#N/A,#N/A,
Lauren Ralph Lauren Woman,#N/A,да,#N/A,#N/A,
LE COEUR TWINSET,#N/A,нет,да,#N/A,
Le Silla,да,да,#N/A,#N/A,
LeComte,#N/A,нет,да,#N/A,
LERROS,#N/A,нет,да,#N/A,
LES COYOTES DE PARIS,да,нет,#N/A,да,
Les Hommes,#N/A,да,да,#N/A,
Les Hommes Urban,#N/A,да,#N/A,#N/A,
Les Petits Joueurs,да,да,#N/A,#N/A,
Lesy,#N/A,нет,#N/A,да,
Levi's,#N/A,нет,#N/A,да,
Levi's® Made & Crafted™,#N/A,да,#N/A,#N/A,
Levis,да,нет,#N/A,да,
Levis,да,нет,#N/A,да,
Little Elevenparis,#N/A,нет,#N/A,да,
Little Marc Jacobs,#N/A,да,#N/A,да,
Liu Jo,да,да,да,да,
Liu Jo Junior,#N/A,да,да,#N/A,
Liu Jo Sport,#N/A,да,#N/A,#N/A,
Lola Cruz,да,да,да,#N/A,
Loreblu,#N/A,нет,#N/A,да,
Loriblu,#N/A,да,да,#N/A,
Louis&Mia,#N/A,нет,да,#N/A,
Love Moschino,#N/A,да,да,да,
Love Stories,#N/A,да,#N/A,#N/A,
Lucia,#N/A,нет,да,#N/A,
Luhta,#N/A,нет,#N/A,да,
Luli Fama,да,да,#N/A,#N/A,
M Missoni,да,да,#N/A,#N/A,
Maaji,да,да,#N/A,#N/A,
MAELIE,#N/A,нет,#N/A,да,
Maison Close,#N/A,да,#N/A,#N/A,
Maison Lejaby,#N/A,да,#N/A,#N/A,
Maison Scotch,#N/A,нет,#N/A,да,
Maje,#N/A,да,#N/A,#N/A,
Malagrida,#N/A,да,#N/A,#N/A,
Malip,#N/A,нет,#N/A,да,
MANDARINA DUCK,да,нет,да,#N/A,
Manuel Ritz,#N/A,да,#N/A,#N/A,
Manuell&Frank,#N/A,нет,да,#N/A,
Marc Ellis,#N/A,нет,#N/A,да,
Marc Jacobs,да,да,да,да,
Marc O'Polo,#N/A,нет,#N/A,да,
Marc O'Polo Shoes,#N/A,нет,#N/A,да,
Marc O`Polo,#N/A,нет,да,#N/A,
Marcelo Burlon County of Milan,#N/A,да,#N/A,#N/A,
Marcelo Burlon Kids of Milan,#N/A,да,да,#N/A,
Marciano Los Angeles,#N/A,да,#N/A,#N/A,
Marco Bologna,#N/A,да,да,#N/A,
Marella,да,нет,#N/A,да,
MARELLA,да,нет,#N/A,да,
Maria Luca,#N/A,да,#N/A,#N/A,
Marina Rinaldi Sport,#N/A,да,#N/A,#N/A,
Marina Yachting,#N/A,нет,да,#N/A,
Markus Lupfer,да,да,#N/A,#N/A,
Marlies Dekkers,#N/A,да,#N/A,#N/A,
Marlu,#N/A,нет,#N/A,да,
Marni,да,да,#N/A,#N/A,
Masha Tsigal,#N/A,нет,да,#N/A,
Master of Arts,#N/A,нет,да,#N/A,
Max & Co,#N/A,нет,#N/A,да,
Max Mara,да,да,#N/A,да,
Max Mara Leisure,,да,#N/A,#N/A,
Max&Co,#N/A,да,#N/A,#N/A,
MaxiMo,#N/A,нет,#N/A,да,
MAXMARA,,нет,да,#N/A,
MC2 Saint Barth,да,да,#N/A,#N/A,
MC2 Sainth Baths,#N/A,нет,#N/A,да,
MCQ,да,нет,#N/A,да,
McQ Alexander McQueen,#N/A,да,#N/A,#N/A,
MELISSA,да,нет,#N/A,да,
Michael Kors,да,да,да,да,
Michael Michael Kors,#N/A,да,#N/A,#N/A,
Mini Rodini,да,да,#N/A,да,
Miss Blumarine,да,да,да,да,
Missoni,да,да,#N/A,да,
Miu Miu,да,да,#N/A,#N/A,
MM6,#N/A,нет,да,#N/A,
MM6 Maison Margiela,да,да,#N/A,#N/A,
Moeva,#N/A,да,#N/A,#N/A,
Moleskine,#N/A,да,#N/A,#N/A,
Moma,,да,#N/A,#N/A,
Monnalisa,да,да,#N/A,#N/A,
Montblanc,#N/A,да,#N/A,#N/A,
Moose Knuckles,да,да,#N/A,#N/A,
MORE & MORE,#N/A,нет,да,#N/A,
Moschino,да,да,да,#N/A,
Moschino Couture,,да,#N/A,#N/A,
Moschino Kid,#N/A,да,#N/A,#N/A,
Moschino Swim,#N/A,да,#N/A,#N/A,
Moschino Underwear,#N/A,да,#N/A,да,
Mou,да,да,#N/A,#N/A,
MOUSSE,#N/A,нет,#N/A,да,
MSGM,да,да,#N/A,да,
MSGM Kids,#N/A,да,#N/A,#N/A,
My Grey,#N/A,да,#N/A,#N/A,
MY TWIN,#N/A,нет,да,#N/A,
N21,#N/A,да,#N/A,#N/A,да
Nando Muzi,#N/A,да,да,#N/A,
Napapijri,да,нет,да,да,
Neil Barrett,#N/A,да,#N/A,#N/A,
NEIL BARRETT KIDS,#N/A,нет,#N/A,да,
New Balance,да,нет,#N/A,да,
NIK & NIK,#N/A,нет,#N/A,да,
Nikben,#N/A,да,#N/A,#N/A,
Nike,да,да,#N/A,да,
Nina Ricci,#N/A,да,#N/A,#N/A,
No.21,#N/A,нет,#N/A,да,
North Sails,#N/A,нет,#N/A,да,
Nude,#N/A,да,#N/A,#N/A,
Nukutavake,#N/A,нет,#N/A,да,
Odri,#N/A,да,да,#N/A,
Officine Creative,да,да,#N/A,#N/A,
Oliver Peoples,#N/A,да,#N/A,#N/A,
One Teaspoon,да,да,#N/A,#N/A,
Opening Ceremony,да,да,#N/A,#N/A,
Orsa Couture,#N/A,да,#N/A,#N/A,
P Jean,#N/A,да,#N/A,#N/A,
Pablo,#N/A,да,#N/A,#N/A,
Pablosky,#N/A,да,#N/A,да,
Pakerson,#N/A,нет,да,#N/A,
Pal Zileri,да,да,да,#N/A,
Paloma Barcelo,да,да,#N/A,#N/A,
Paola,#N/A,нет,#N/A,да,
Paolo Pecora,#N/A,нет,#N/A,да,
PAOLO PECORA MILANO,#N/A,нет,да,#N/A,
Parajumpers,да,да,да,#N/A,
Parker,да,да,#N/A,#N/A,
PASSIONATA,#N/A,нет,да,#N/A,
Patrizia Pepe,да,да,да,да,
Paul & Joe,#N/A,да,#N/A,#N/A,
Paul & Shark,#N/A,да,#N/A,#N/A,
Pelikan,#N/A,да,#N/A,#N/A,
Pennyblack,#N/A,да,да,#N/A,
Persol,#N/A,да,#N/A,#N/A,
Persona by Marina Rinaldi,#N/A,да,#N/A,#N/A,
PERTINI,#N/A,нет,да,#N/A,
Petit Bateau,да,да,#N/A,#N/A,
Philipp Plein,да,да,#N/A,#N/A,
Philippe Model Paris,#N/A,да,#N/A,#N/A,
PHILOSOPHY,#N/A,нет,#N/A,да,
Philosophy Di Lorenzo Serafini,#N/A,да,#N/A,#N/A,
Piazza Della Scala,#N/A,да,#N/A,#N/A,
Pietro Brunelli Maternity,#N/A,да,#N/A,#N/A,
Pietro Brunelli Milano,#N/A,да,#N/A,#N/A,
Pilyq,#N/A,да,#N/A,#N/A,
Pinko,да,да,да,да,
Pinko Up,да,да,#N/A,#N/A,
Piquadro,да,да,да,#N/A,
PLEASE,#N/A,нет,да,#N/A,
Plein Sport,#N/A,да,да,#N/A,
Pollini,,да,да,да,
Polo Ralph Lauren,да,да,#N/A,#N/A,
Polo Ralph Lauren Big & Tall,#N/A,да,#N/A,#N/A,
Porsche Design,#N/A,нет,да,#N/A,
Prada,да,да,да,#N/A,
Prada Linea Rossa,,да,#N/A,#N/A,
Premiata,да,да,#N/A,#N/A,
PREMIATA WILL BE,#N/A,нет,#N/A,да,
Pretty Ballerinas,#N/A,нет,#N/A,да,
Principe di Bologna,#N/A,да,да,#N/A,
Provoc,#N/A,нет,да,#N/A,
Puma,да,да,#N/A,да,
Pura Lopez,#N/A,да,#N/A,#N/A,
Quartz Co,#N/A,нет,да,#N/A,
Quiksilver,да,нет,#N/A,да,
Rabe,#N/A,нет,да,#N/A,
Rado,#N/A,да,#N/A,#N/A,
Rag & Bone,#N/A,да,#N/A,#N/A,
RALPH LAUREN,да,нет,да,#N/A,
Ralph Ralph Lauren,#N/A,да,#N/A,#N/A,
Ray-Ban®,#N/A,да,#N/A,#N/A,
RB,#N/A,нет,да,#N/A,
Re-Hash,#N/A,да,#N/A,#N/A,
Rebecca Minkoff,да,да,да,#N/A,
Red Valentino,да,да,#N/A,#N/A,
RED(V),#N/A,да,#N/A,#N/A,
Reebok,да,да,#N/A,да,
Regina,#N/A,нет,#N/A,да,
Replay,да,нет,да,#N/A,
Replume,#N/A,да,да,#N/A,
Richmond Sport,#N/A,да,да,#N/A,
Ritter,#N/A,да,#N/A,#N/A,
Rivieras,#N/A,да,#N/A,#N/A,
Roberto Botticelli,#N/A,да,#N/A,#N/A,
Roberto Cavalli,да,да,да,да,
Roberto Cavalli Sport,#N/A,да,#N/A,#N/A,
Roccobarocco,#N/A,нет,да,#N/A,
Rochas,да,да,#N/A,#N/A,
Roeckl,#N/A,нет,да,#N/A,
Roxy,да,нет,#N/A,да,
Rupert Sanderson,да,да,#N/A,#N/A,
Rykiel,#N/A,нет,#N/A,да,
Saint Laurent,да,да,#N/A,да,
Salvatore Ferragamo,да,нет,#N/A,да,
Sam Edelman,да,да,#N/A,#N/A,
SAMOON by GERRY WEBER,#N/A,нет,да,#N/A,
Samsonite,да,нет,#N/A,да,
Sand,#N/A,да,#N/A,#N/A,
Sandro,да,да,#N/A,#N/A,
Sanetta,да,нет,#N/A,да,
Santoni,да,да,#N/A,#N/A,
Scotch & Soda,#N/A,нет,#N/A,да,
Scotch&Soda,да,да,#N/A,#N/A,
Sea Level,#N/A,да,#N/A,#N/A,
Seafolly Australia,#N/A,да,#N/A,#N/A,
See by Chloe,да,да,#N/A,#N/A,
Selected Femme,да,да,#N/A,#N/A,
Selected Homme,#N/A,да,#N/A,#N/A,
SEMICOUTURE,#N/A,нет,#N/A,да,
Senso,да,да,#N/A,#N/A,
Serge Pariente,#N/A,да,#N/A,#N/A,
SERGIO TACCHINI,#N/A,нет,да,#N/A,
Seventy,да,да,да,#N/A,
SH,#N/A,нет,да,#N/A,
SHISEIDO,#N/A,нет,да,#N/A,
Silvian Heach,#N/A,нет,да,да,
Silvian heach kids,#N/A,нет,#N/A,да,
SIMONA CORSELLINI,#N/A,нет,да,#N/A,
Simonetta,#N/A,да,#N/A,да,да
Soft Gallery,да,нет,#N/A,да,
SOMETIME SOON,да,нет,#N/A,да,
Sonia by Sonia Rykiel,#N/A,да,#N/A,#N/A,
Sonia Rykiel,да,да,да,#N/A,
Special Day,#N/A,нет,#N/A,да,
Sportmax,#N/A,да,#N/A,#N/A,
Sportmax Code,#N/A,да,#N/A,#N/A,
Sprayground,#N/A,да,#N/A,#N/A,
St. James,#N/A,да,нет,нет,
Stefanel,да,да,#N/A,#N/A,
Steffen Schraut,да,да,да,#N/A,
Stella Jean,да,нет,#N/A,да,
Stella Jean Kids,#N/A,да,#N/A,#N/A,
Stella McCartney,да,да,да,да,
Stella McCartney Kids,да,да,нет,нет,
Stella McCartney Underwear,#N/A,да,нет,нет,
Steve Madden,да,нет,#N/A,да,
Stone Island,да,нет,#N/A,да,
Strellson,,нет,да,#N/A,
Stuart Weitzman,да,да,нет,нет,
STUDIO ITALIA,#N/A,нет,да,#N/A,
STUDIO MODD,#N/A,нет,да,#N/A,
Superdry,да,да,#N/A,да,
TAIFUN by GERRY WEBER,#N/A,нет,да,#N/A,
Tara Jarmon,да,да,нет,нет,
Tartine et Chocolat,#N/A,нет,да,#N/A,
Tatras,#N/A,да,нет,нет,
Ted Baker,да,нет,да,#N/A,
Ted Baker London,#N/A,да,нет,нет,
Terekhov Girl,#N/A,да,нет,нет,
The Fifth Label,#N/A,нет,да,#N/A,
The Kooples,#N/A,да,нет,нет,
The Kooples Sport,#N/A,да,нет,нет,
Theory,да,да,нет,нет,
Three Floor,#N/A,да,нет,нет,
Timberland,да,да,#N/A,да,
TINYCOTTONS,да,нет,#N/A,да,
Tomax,#N/A,нет,#N/A,да,
Tommy Hilfiger,да,да,да,да,
Tommy Hilfiger Denim,#N/A,да,#N/A,#N/A,
Tommy Jeans,да,да,да,да,
Tommy Sport,#N/A,да,да,да,
Torre Valley,#N/A,нет,да,#N/A,
Tory Burch,да,да,нет,нет,
TOSCA BLU,#N/A,нет,да,#N/A,
Tosca Blu studio,#N/A,нет,да,#N/A,
Tous,#N/A,да,нет,нет,
Tresophie,#N/A,да,нет,нет,
Tru Trussardi,да,да,нет,нет,
True Religion,да,да,нет,нет,
Trussardi,,да,нет,нет,
TRUSSARDI JEANS,да,нет,да,да,
Trussardi Junior,#N/A,да,да,нет,
Trussardi Sport,#N/A,да,нет,нет,
Tumi,да,да,нет,да,
Twin Set Milano,#N/A,да,#N/A,#N/A,
Twin-Set Simona Barbieri,#N/A,да,нет,нет,
Twinset Milano,да,да,да,да,
TWINSET U&B,#N/A,нет,да,#N/A,
U.S. Polo Assn.,#N/A,нет,#N/A,да,
UGG,да,да,да,да,
UGG,да,да,да,да,
UGG Australia,#N/A,нет,да,#N/A,
UNGARO,#N/A,нет,да,#N/A,
Unisa,#N/A,нет,да,да,
United Nude,#N/A,да,да,нет,
Urban Tiger,#N/A,да,#N/A,#N/A,
Valentino,да,да,нет,нет,
Van Laack,#N/A,да,нет,нет,
Vans,да,нет,#N/A,да,
VeeCollective,#N/A,да,нет,нет,
Versace,да,да,да,нет,
VERSACE COLLECTION,#N/A,нет,да,#N/A,
Versace Jeans,#N/A,да,нет,нет,
Versace Jeans Couture,#N/A,да,нет,нет,
Versus Versace,#N/A,да,да,нет,
Vic Matie,да,да,нет,нет,
Vicini Tapeet,#N/A,да,нет,нет,
VICOLO,#N/A,нет,#N/A,да,
Vilebrequin,да,да,нет,нет,
Vivetta,#N/A,да,нет,нет,
Vivienne Westwood,да,да,нет,да,
Vivienne Westwood Anglomania,#N/A,да,нет,нет,
Voile Blanche,да,да,нет,нет,
Vseason,#N/A,да,нет,нет,
Weekend Max Mara,да,да,нет,нет,
Whistles,#N/A,да,нет,нет,
WILDFOX,да,нет,#N/A,да,
Windsor,#N/A,да,нет,нет,
Wolford,#N/A,да,нет,нет,
Woolrich,да,да,да,нет,
YPORQUE,#N/A,нет,да,#N/A,
YVES SALOMON,да,нет,#N/A,да,
Zadig & Voltaire,#N/A,да,да,нет,
ZANETTI 1965,#N/A,нет,да,#N/A,
Zenux,#N/A,да,нет,нет,
Zimmerli,#N/A,да,нет,нет,
Zoe Karssen,#N/A,да,нет,нет,
